Genome	12818_combined_R1p.fastq.gz Relative Abundance (%)
unmapped	99.380486
GCA_013372845.1_ASM1337284v1_genomic	0.31768638
GCA_019668465.1_ASM1966846v1_genomic	0.04639273
GCA_016616885.1_ASM1661688v1_genomic	0.22616488
GCA_012922115.1_ASM1292211v1_genomic	0.029266803
