Genome	12824_combined_R1p.fastq.gz Relative Abundance (%)
unmapped	99.36447
GCA_013372845.1_ASM1337284v1_genomic	0.42940408
GCA_019668465.1_ASM1966846v1_genomic	0
GCA_016616885.1_ASM1661688v1_genomic	0.15037757
GCA_012922115.1_ASM1292211v1_genomic	0.055744983
