Genome	12838_combined_R1p.fastq.gz Relative Abundance (%)
unmapped	99.47435
GCA_013372845.1_ASM1337284v1_genomic	0.14427201
GCA_019668465.1_ASM1966846v1_genomic	0.068645656
GCA_016616885.1_ASM1661688v1_genomic	0.31272963
GCA_012922115.1_ASM1292211v1_genomic	0
