Genome	12830_combined_R1p.fastq.gz Relative Abundance (%)
unmapped	99.42847
GCA_013372845.1_ASM1337284v1_genomic	0.20389472
GCA_019668465.1_ASM1966846v1_genomic	0.09312329
GCA_016616885.1_ASM1661688v1_genomic	0.2745172
GCA_012922115.1_ASM1292211v1_genomic	0
