Genome	12884_combined_R1p.fastq.gz Relative Abundance (%)
unmapped	99.015274
GCA_013372845.1_ASM1337284v1_genomic	0.34091592
GCA_019668465.1_ASM1966846v1_genomic	0.25000408
GCA_016616885.1_ASM1661688v1_genomic	0.28943634
GCA_012922115.1_ASM1292211v1_genomic	0.104364075
