Genome	138538_HG7NLDSX2-4_R1p.fastq.gz Relative Abundance (%)
unmapped	98.82205
GCA_013372845.1_ASM1337284v1_genomic	0.06315958
GCA_019668465.1_ASM1966846v1_genomic	0.28412688
GCA_016616885.1_ASM1661688v1_genomic	0.6140257
GCA_012922115.1_ASM1292211v1_genomic	0.21663858
