Genome	401586_HL7J5DSX3-1_R1p.fastq.gz Relative Abundance (%)
unmapped	98.725746
GCA_013372845.1_ASM1337284v1_genomic	0.54539716
GCA_019668465.1_ASM1966846v1_genomic	0.1135043
GCA_016616885.1_ASM1661688v1_genomic	0.47378093
GCA_012922115.1_ASM1292211v1_genomic	0.14156654
