Genome	401592_HL7J5DSX3-1_R1p.fastq.gz Relative Abundance (%)
unmapped	98.62107
GCA_013372845.1_ASM1337284v1_genomic	0.417181
GCA_019668465.1_ASM1966846v1_genomic	0.20803164
GCA_016616885.1_ASM1661688v1_genomic	0.60977757
GCA_012922115.1_ASM1292211v1_genomic	0.14393768
