Genome	401552_HL7J5DSX3-1_R1p.fastq.gz Relative Abundance (%)
unmapped	98.78445
GCA_013372845.1_ASM1337284v1_genomic	0.12722635
GCA_019668465.1_ASM1966846v1_genomic	0.26913053
GCA_016616885.1_ASM1661688v1_genomic	0.6763245
GCA_012922115.1_ASM1292211v1_genomic	0.14286913
