Genome	401577_HL7J5DSX3-1_R1p.fastq.gz Relative Abundance (%)
unmapped	98.770485
GCA_013372845.1_ASM1337284v1_genomic	0.14735734
GCA_019668465.1_ASM1966846v1_genomic	0.22923389
GCA_016616885.1_ASM1661688v1_genomic	0.6908024
GCA_012922115.1_ASM1292211v1_genomic	0.1621195
