Genome	401553_HL7J5DSX3-1_R1p.fastq.gz Relative Abundance (%)
unmapped	98.961296
GCA_013372845.1_ASM1337284v1_genomic	0.06498402
GCA_019668465.1_ASM1966846v1_genomic	0.19831285
GCA_016616885.1_ASM1661688v1_genomic	0.5653792
GCA_012922115.1_ASM1292211v1_genomic	0.21002853
