Genome	401591_HL7J5DSX3-1_R1p.fastq.gz Relative Abundance (%)
unmapped	98.59609
GCA_013372845.1_ASM1337284v1_genomic	0.37664443
GCA_019668465.1_ASM1966846v1_genomic	0.3301113
GCA_016616885.1_ASM1661688v1_genomic	0.5665862
GCA_012922115.1_ASM1292211v1_genomic	0.13056825
