Genome	401580_HL7J5DSX3-1_R1p.fastq.gz Relative Abundance (%)
unmapped	98.73558
GCA_013372845.1_ASM1337284v1_genomic	0.06695321
GCA_019668465.1_ASM1966846v1_genomic	0.2773391
GCA_016616885.1_ASM1661688v1_genomic	0.7444149
GCA_012922115.1_ASM1292211v1_genomic	0.17571056
