Genome	401679_HL7J5DSX3-1_R1p.fastq.gz Relative Abundance (%)
unmapped	99.06949
GCA_013372845.1_ASM1337284v1_genomic	0
GCA_019668465.1_ASM1966846v1_genomic	0.2892941
GCA_016616885.1_ASM1661688v1_genomic	0.29678836
GCA_012922115.1_ASM1292211v1_genomic	0.34442678
