Genome	401644_HL7J5DSX3-1_R1p.fastq.gz Relative Abundance (%)
unmapped	99.05111
GCA_013372845.1_ASM1337284v1_genomic	0.09202946
GCA_019668465.1_ASM1966846v1_genomic	0.18374296
GCA_016616885.1_ASM1661688v1_genomic	0.6731178
GCA_012922115.1_ASM1292211v1_genomic	0
