Genome	401632_HL7J5DSX3-1_R1p.fastq.gz Relative Abundance (%)
unmapped	99.08659
GCA_013372845.1_ASM1337284v1_genomic	0.2133563
GCA_019668465.1_ASM1966846v1_genomic	0.11365984
GCA_016616885.1_ASM1661688v1_genomic	0.58638996
GCA_012922115.1_ASM1292211v1_genomic	0
