Genome	401648_HL7J5DSX3-1_R1p.fastq.gz Relative Abundance (%)
unmapped	99.22236
GCA_013372845.1_ASM1337284v1_genomic	0.22671726
GCA_019668465.1_ASM1966846v1_genomic	0.06715985
GCA_016616885.1_ASM1661688v1_genomic	0.48376104
GCA_012922115.1_ASM1292211v1_genomic	0
