Genome	401669_HL7J5DSX3-1_R1p.fastq.gz Relative Abundance (%)
unmapped	98.970795
GCA_013372845.1_ASM1337284v1_genomic	0
GCA_019668465.1_ASM1966846v1_genomic	0.4958574
GCA_016616885.1_ASM1661688v1_genomic	0.33032995
GCA_012922115.1_ASM1292211v1_genomic	0.20302072
