Genome	9567_combined_R1p.fastq.gz Relative Abundance (%)
unmapped	99.82726
GCA_013372845.1_ASM1337284v1_genomic	0.04342549
GCA_019668465.1_ASM1966846v1_genomic	0
GCA_016616885.1_ASM1661688v1_genomic	0.12931107
GCA_012922115.1_ASM1292211v1_genomic	0
