Genome	9576_combined_R1p.fastq.gz Relative Abundance (%)
unmapped	99.09043
GCA_013372845.1_ASM1337284v1_genomic	0.16356488
GCA_019668465.1_ASM1966846v1_genomic	0.13926184
GCA_016616885.1_ASM1661688v1_genomic	0.2822999
GCA_012922115.1_ASM1292211v1_genomic	0.32443786
