Genome	9588_combined_R1p.fastq.gz Relative Abundance (%)
unmapped	99.67898
GCA_013372845.1_ASM1337284v1_genomic	0
GCA_019668465.1_ASM1966846v1_genomic	0.11255152
GCA_016616885.1_ASM1661688v1_genomic	0.20847279
GCA_012922115.1_ASM1292211v1_genomic	0
