Genome	12818_combined_R1p.fastq.gz Mean
GCA_013372845.1_ASM1337284v1_genomic	4.0178037
GCA_019668465.1_ASM1966846v1_genomic	0.5867324
GCA_016616885.1_ASM1661688v1_genomic	2.8603241
GCA_012922115.1_ASM1292211v1_genomic	0.37013945
