Genome	12816_combined_R1p.fastq.gz Mean
GCA_013372845.1_ASM1337284v1_genomic	2.5164487
GCA_019668465.1_ASM1966846v1_genomic	1.6150444
GCA_016616885.1_ASM1661688v1_genomic	4.129212
GCA_012922115.1_ASM1292211v1_genomic	0
