Genome	12830_combined_R1p.fastq.gz Mean
GCA_013372845.1_ASM1337284v1_genomic	2.2403247
GCA_019668465.1_ASM1966846v1_genomic	1.0232065
GCA_016616885.1_ASM1661688v1_genomic	3.0163
GCA_012922115.1_ASM1292211v1_genomic	0
