Genome	12884_combined_R1p.fastq.gz Mean
GCA_013372845.1_ASM1337284v1_genomic	4.3563485
GCA_019668465.1_ASM1966846v1_genomic	3.194644
GCA_016616885.1_ASM1661688v1_genomic	3.698524
GCA_012922115.1_ASM1292211v1_genomic	1.3336025
