Genome	401588_HL7J5DSX3-1_R1p.fastq.gz Mean
GCA_013372845.1_ASM1337284v1_genomic	4.331352
GCA_019668465.1_ASM1966846v1_genomic	1.2784728
GCA_016616885.1_ASM1661688v1_genomic	4.9266777
GCA_012922115.1_ASM1292211v1_genomic	1.8006054
