Genome	401554_HL7J5DSX3-1_R1p.fastq.gz Mean
GCA_013372845.1_ASM1337284v1_genomic	0.21788746
GCA_019668465.1_ASM1966846v1_genomic	2.9838643
GCA_016616885.1_ASM1661688v1_genomic	4.6828637
GCA_012922115.1_ASM1292211v1_genomic	1.24352
