Genome	401550_HL7J5DSX3-1_R1p.fastq.gz Mean
GCA_013372845.1_ASM1337284v1_genomic	1.7579603
GCA_019668465.1_ASM1966846v1_genomic	1.6020985
GCA_016616885.1_ASM1661688v1_genomic	5.565901
GCA_012922115.1_ASM1292211v1_genomic	1.9092478
