Genome	401569_HL7J5DSX3-1_R1p.fastq.gz Mean
GCA_013372845.1_ASM1337284v1_genomic	0.4279531
GCA_019668465.1_ASM1966846v1_genomic	2.5818758
GCA_016616885.1_ASM1661688v1_genomic	5.3893895
GCA_012922115.1_ASM1292211v1_genomic	1.462919
