Genome	401567_HL7J5DSX3-1_R1p.fastq.gz Mean
GCA_013372845.1_ASM1337284v1_genomic	1.791386
GCA_019668465.1_ASM1966846v1_genomic	1.8959136
GCA_016616885.1_ASM1661688v1_genomic	7.6371627
GCA_012922115.1_ASM1292211v1_genomic	1.3636651
