Genome	401578_HL7J5DSX3-1_R1p.fastq.gz Mean
GCA_013372845.1_ASM1337284v1_genomic	0.40303913
GCA_019668465.1_ASM1966846v1_genomic	2.7453449
GCA_016616885.1_ASM1661688v1_genomic	3.9834924
GCA_012922115.1_ASM1292211v1_genomic	1.2307845
