Genome	401553_HL7J5DSX3-1_R1p.fastq.gz Mean
GCA_013372845.1_ASM1337284v1_genomic	0.45984903
GCA_019668465.1_ASM1966846v1_genomic	1.403329
GCA_016616885.1_ASM1661688v1_genomic	4.0008154
GCA_012922115.1_ASM1292211v1_genomic	1.4862332
