Genome	401658_HL7J5DSX3-1_R1p.fastq.gz Mean
GCA_013372845.1_ASM1337284v1_genomic	1.159809
GCA_019668465.1_ASM1966846v1_genomic	1.7976902
GCA_016616885.1_ASM1661688v1_genomic	7.034542
GCA_012922115.1_ASM1292211v1_genomic	1.6914545
