Genome	401624_HL7J5DSX3-1_R1p.fastq.gz Mean
GCA_013372845.1_ASM1337284v1_genomic	0
GCA_019668465.1_ASM1966846v1_genomic	2.335591
GCA_016616885.1_ASM1661688v1_genomic	7.784703
GCA_012922115.1_ASM1292211v1_genomic	0.67719424
