Genome	401604_HL7J5DSX3-1_R1p.fastq.gz Mean
GCA_013372845.1_ASM1337284v1_genomic	0.7212096
GCA_019668465.1_ASM1966846v1_genomic	3.4888692
GCA_016616885.1_ASM1661688v1_genomic	5.855639
GCA_012922115.1_ASM1292211v1_genomic	0
