Genome	7083_combined_R1p.fastq.gz Mean
GCA_013372845.1_ASM1337284v1_genomic	0.2292415
GCA_019668465.1_ASM1966846v1_genomic	2.944576
GCA_016616885.1_ASM1661688v1_genomic	6.931806
GCA_012922115.1_ASM1292211v1_genomic	1.2037565
